DROP TABLE IF EXISTS `migrations`;
CREATE TABLE "migrations" ("id" integer primary key autoincrement not null, "migration" varchar not null, "batch" integer not null);

INSERT INTO `migrations` (`id`, `migration`, `batch`) VALUES ('1', '0001_01_01_000000_create_users_table', '1');
INSERT INTO `migrations` (`id`, `migration`, `batch`) VALUES ('2', '0001_01_01_000001_create_cache_table', '1');
INSERT INTO `migrations` (`id`, `migration`, `batch`) VALUES ('3', '0001_01_01_000002_create_jobs_table', '1');
INSERT INTO `migrations` (`id`, `migration`, `batch`) VALUES ('4', '2026_01_20_171123_create_categories_table', '2');
INSERT INTO `migrations` (`id`, `migration`, `batch`) VALUES ('5', '2026_01_20_171125_create_posts_table', '2');

DROP TABLE IF EXISTS `users`;
CREATE TABLE "users" ("id" integer primary key autoincrement not null, "name" varchar not null, "email" varchar not null, "email_verified_at" datetime, "password" varchar not null, "remember_token" varchar, "created_at" datetime, "updated_at" datetime);

INSERT INTO `users` (`id`, `name`, `email`, `email_verified_at`, `password`, `remember_token`, `created_at`, `updated_at`) VALUES ('1', 'Admin', 'admin@admin.com', '2026-01-20 17:15:23', '$2y$12$2oWWPXM9Yvl7TdXFl3w8mu6KRTi5kKqezw0j6cr/UkWMvoa02m/Ke', 'AzjcDTGrjhgTrfrop5jeX9QleJpeukviwzRVTwwfOrmBDm9x7OStPdyqFzZ1', '2026-01-20 17:15:23', '2026-01-20 17:15:23');

DROP TABLE IF EXISTS `password_reset_tokens`;
CREATE TABLE "password_reset_tokens" ("email" varchar not null, "token" varchar not null, "created_at" datetime, primary key ("email"));


DROP TABLE IF EXISTS `sessions`;
CREATE TABLE "sessions" ("id" varchar not null, "user_id" integer, "ip_address" varchar, "user_agent" text, "payload" text not null, "last_activity" integer not null, primary key ("id"));

INSERT INTO `sessions` (`id`, `user_id`, `ip_address`, `user_agent`, `payload`, `last_activity`) VALUES ('S54RlXy68rNZaesLOx9EV4IGtQEnZ6b0ecs48fEH', NULL, '127.0.0.1', 'Mozilla/5.0 (Windows NT 10.0; Win64; x64) AppleWebKit/537.36 (KHTML, like Gecko) Trae/1.104.3 Chrome/138.0.7204.251 Electron/37.6.1 Safari/537.36', 'YTo0OntzOjY6Il90b2tlbiI7czo0MDoieEdlVXJ6bTZhQ2JCOHJZcENDUURzTTA4Y0JqZmt5MjNjZ29zeFdkZCI7czo5OiJfcHJldmlvdXMiO2E6Mjp7czozOiJ1cmwiO3M6MzM6Imh0dHA6Ly9sb2NhbGhvc3Q6ODAwMC9hZG1pbi9sb2dpbiI7czo1OiJyb3V0ZSI7czoyNToiZmlsYW1lbnQuYWRtaW4uYXV0aC5sb2dpbiI7fXM6NjoiX2ZsYXNoIjthOjI6e3M6Mzoib2xkIjthOjA6e31zOjM6Im5ldyI7YTowOnt9fXM6MzoidXJsIjthOjE6e3M6ODoiaW50ZW5kZWQiO3M6Mjc6Imh0dHA6Ly9sb2NhbGhvc3Q6ODAwMC9hZG1pbiI7fX0=', '1768929411');
INSERT INTO `sessions` (`id`, `user_id`, `ip_address`, `user_agent`, `payload`, `last_activity`) VALUES ('AIHtJflgEIEKNJNJ8tQS39QGIPS31eHg7bMPC8DF', '1', '127.0.0.1', 'Mozilla/5.0 (Windows NT 10.0; Win64; x64; rv:147.0) Gecko/20100101 Firefox/147.0', 'YTo3OntzOjY6Il90b2tlbiI7czo0MDoiT3Bza2JGZEpETXkwVEc1Q1JPWDdiWHFHcHg0Z0NFNmZRMmNJM3I3ciI7czo2OiJfZmxhc2giO2E6Mjp7czozOiJvbGQiO2E6MDp7fXM6MzoibmV3IjthOjA6e319czo5OiJfcHJldmlvdXMiO2E6Mjp7czozOiJ1cmwiO3M6NDA6Imh0dHA6Ly8xMjcuMC4wLjE6ODAwMC9hZG1pbi9wb3N0cy8xL2VkaXQiO3M6NToicm91dGUiO3M6MzU6ImZpbGFtZW50LmFkbWluLnJlc291cmNlcy5wb3N0cy5lZGl0Ijt9czo1MDoibG9naW5fd2ViXzU5YmEzNmFkZGMyYjJmOTQwMTU4MGYwMTRjN2Y1OGVhNGUzMDk4OWQiO2k6MTtzOjE3OiJwYXNzd29yZF9oYXNoX3dlYiI7czo2NDoiYTFkNWUxYzI0ZjkxMzk0NjYyOGZmY2NjNDUzMzVhODIxNDQ1NTZjMTNjNGUzZDNjNmMxZjRjZDIyN2VmMzczYiI7czo2OiJ0YWJsZXMiO2E6Mjp7czo0MDoiZGRjMWQwOGViZWZhNjUyMjkwM2FiMWYzN2MzY2I4YWNfY29sdW1ucyI7YTozOntpOjA7YTo3OntzOjQ6InR5cGUiO3M6NjoiY29sdW1uIjtzOjQ6Im5hbWUiO3M6NDoibmFtZSI7czo1OiJsYWJlbCI7czo0OiJOYW1lIjtzOjg6ImlzSGlkZGVuIjtiOjA7czo5OiJpc1RvZ2dsZWQiO2I6MTtzOjEyOiJpc1RvZ2dsZWFibGUiO2I6MDtzOjI0OiJpc1RvZ2dsZWRIaWRkZW5CeURlZmF1bHQiO047fWk6MTthOjc6e3M6NDoidHlwZSI7czo2OiJjb2x1bW4iO3M6NDoibmFtZSI7czoxMDoiY3JlYXRlZF9hdCI7czo1OiJsYWJlbCI7czoxMDoiQ3JlYXRlZCBhdCI7czo4OiJpc0hpZGRlbiI7YjowO3M6OToiaXNUb2dnbGVkIjtiOjA7czoxMjoiaXNUb2dnbGVhYmxlIjtiOjE7czoyNDoiaXNUb2dnbGVkSGlkZGVuQnlEZWZhdWx0IjtiOjE7fWk6MjthOjc6e3M6NDoidHlwZSI7czo2OiJjb2x1bW4iO3M6NDoibmFtZSI7czoxMDoidXBkYXRlZF9hdCI7czo1OiJsYWJlbCI7czoxMDoiVXBkYXRlZCBhdCI7czo4OiJpc0hpZGRlbiI7YjowO3M6OToiaXNUb2dnbGVkIjtiOjA7czoxMjoiaXNUb2dnbGVhYmxlIjtiOjE7czoyNDoiaXNUb2dnbGVkSGlkZGVuQnlEZWZhdWx0IjtiOjE7fX1zOjQwOiJhNjA3Y2RhNzNjYmRlNDQ2ZjhiYjY0Y2NkNzU2MDZlZV9jb2x1bW5zIjthOjQ6e2k6MDthOjc6e3M6NDoidHlwZSI7czo2OiJjb2x1bW4iO3M6NDoibmFtZSI7czo1OiJ0aXRsZSI7czo1OiJsYWJlbCI7czo1OiJUaXRsZSI7czo4OiJpc0hpZGRlbiI7YjowO3M6OToiaXNUb2dnbGVkIjtiOjE7czoxMjoiaXNUb2dnbGVhYmxlIjtiOjA7czoyNDoiaXNUb2dnbGVkSGlkZGVuQnlEZWZhdWx0IjtOO31pOjE7YTo3OntzOjQ6InR5cGUiO3M6NjoiY29sdW1uIjtzOjQ6Im5hbWUiO3M6MTM6ImNhdGVnb3J5Lm5hbWUiO3M6NToibGFiZWwiO3M6ODoiQ2F0ZWdvcnkiO3M6ODoiaXNIaWRkZW4iO2I6MDtzOjk6ImlzVG9nZ2xlZCI7YjoxO3M6MTI6ImlzVG9nZ2xlYWJsZSI7YjowO3M6MjQ6ImlzVG9nZ2xlZEhpZGRlbkJ5RGVmYXVsdCI7Tjt9aToyO2E6Nzp7czo0OiJ0eXBlIjtzOjY6ImNvbHVtbiI7czo0OiJuYW1lIjtzOjEwOiJjcmVhdGVkX2F0IjtzOjU6ImxhYmVsIjtzOjEwOiJDcmVhdGVkIGF0IjtzOjg6ImlzSGlkZGVuIjtiOjA7czo5OiJpc1RvZ2dsZWQiO2I6MDtzOjEyOiJpc1RvZ2dsZWFibGUiO2I6MTtzOjI0OiJpc1RvZ2dsZWRIaWRkZW5CeURlZmF1bHQiO2I6MTt9aTozO2E6Nzp7czo0OiJ0eXBlIjtzOjY6ImNvbHVtbiI7czo0OiJuYW1lIjtzOjEwOiJ1cGRhdGVkX2F0IjtzOjU6ImxhYmVsIjtzOjEwOiJVcGRhdGVkIGF0IjtzOjg6ImlzSGlkZGVuIjtiOjA7czo5OiJpc1RvZ2dsZWQiO2I6MDtzOjEyOiJpc1RvZ2dsZWFibGUiO2I6MTtzOjI0OiJpc1RvZ2dsZWRIaWRkZW5CeURlZmF1bHQiO2I6MTt9fX1zOjg6ImZpbGFtZW50IjthOjA6e319', '1768930083');

DROP TABLE IF EXISTS `cache`;
CREATE TABLE "cache" ("key" varchar not null, "value" text not null, "expiration" integer not null, primary key ("key"));

INSERT INTO `cache` (`key`, `value`, `expiration`) VALUES ('laravel-cache-livewire-rate-limiter:16d36dff9abd246c67dfac3e63b993a169af77e6:timer', 'i:1768930030;', '1768930030');
INSERT INTO `cache` (`key`, `value`, `expiration`) VALUES ('laravel-cache-livewire-rate-limiter:16d36dff9abd246c67dfac3e63b993a169af77e6', 'i:1;', '1768930030');

DROP TABLE IF EXISTS `cache_locks`;
CREATE TABLE "cache_locks" ("key" varchar not null, "owner" varchar not null, "expiration" integer not null, primary key ("key"));


DROP TABLE IF EXISTS `jobs`;
CREATE TABLE "jobs" ("id" integer primary key autoincrement not null, "queue" varchar not null, "payload" text not null, "attempts" integer not null, "reserved_at" integer, "available_at" integer not null, "created_at" integer not null);


DROP TABLE IF EXISTS `job_batches`;
CREATE TABLE "job_batches" ("id" varchar not null, "name" varchar not null, "total_jobs" integer not null, "pending_jobs" integer not null, "failed_jobs" integer not null, "failed_job_ids" text not null, "options" text, "cancelled_at" integer, "created_at" integer not null, "finished_at" integer, primary key ("id"));


DROP TABLE IF EXISTS `failed_jobs`;
CREATE TABLE "failed_jobs" ("id" integer primary key autoincrement not null, "uuid" varchar not null, "connection" text not null, "queue" text not null, "payload" text not null, "exception" text not null, "failed_at" datetime not null default CURRENT_TIMESTAMP);


DROP TABLE IF EXISTS `categories`;
CREATE TABLE "categories" ("id" integer primary key autoincrement not null, "name" varchar not null, "created_at" datetime, "updated_at" datetime);

INSERT INTO `categories` (`id`, `name`, `created_at`, `updated_at`) VALUES ('1', 'Tecnología', '2026-01-20 17:15:23', '2026-01-20 17:15:23');
INSERT INTO `categories` (`id`, `name`, `created_at`, `updated_at`) VALUES ('2', 'Deportes', '2026-01-20 17:15:23', '2026-01-20 17:15:23');
INSERT INTO `categories` (`id`, `name`, `created_at`, `updated_at`) VALUES ('3', 'Cultura', '2026-01-20 17:15:23', '2026-01-20 17:15:23');
INSERT INTO `categories` (`id`, `name`, `created_at`, `updated_at`) VALUES ('4', 'Salud', '2026-01-20 17:15:23', '2026-01-20 17:15:23');
INSERT INTO `categories` (`id`, `name`, `created_at`, `updated_at`) VALUES ('5', 'Ciencia', '2026-01-20 17:15:23', '2026-01-20 17:15:23');

DROP TABLE IF EXISTS `posts`;
CREATE TABLE "posts" ("id" integer primary key autoincrement not null, "title" varchar not null, "content" text not null, "category_id" integer not null, "created_at" datetime, "updated_at" datetime, foreign key("category_id") references "categories"("id") on delete cascade);

INSERT INTO `posts` (`id`, `title`, `content`, `category_id`, `created_at`, `updated_at`) VALUES ('1', 'Post de ejemplo 1', 'Contenido detallado del post número 1. Lorem ipsum dolor sit amet, consectetur adipiscing elit.', '5', '2026-01-20 17:15:23', '2026-01-20 17:27:55');
INSERT INTO `posts` (`id`, `title`, `content`, `category_id`, `created_at`, `updated_at`) VALUES ('2', 'Post de ejemplo 2', 'Contenido detallado del post número 2. Lorem ipsum dolor sit amet, consectetur adipiscing elit.', '4', '2026-01-20 17:15:23', '2026-01-20 17:15:23');
INSERT INTO `posts` (`id`, `title`, `content`, `category_id`, `created_at`, `updated_at`) VALUES ('3', 'Post de ejemplo 3', 'Contenido detallado del post número 3. Lorem ipsum dolor sit amet, consectetur adipiscing elit.', '3', '2026-01-20 17:15:23', '2026-01-20 17:15:23');
INSERT INTO `posts` (`id`, `title`, `content`, `category_id`, `created_at`, `updated_at`) VALUES ('4', 'Post de ejemplo 4', 'Contenido detallado del post número 4. Lorem ipsum dolor sit amet, consectetur adipiscing elit.', '4', '2026-01-20 17:15:23', '2026-01-20 17:15:23');
INSERT INTO `posts` (`id`, `title`, `content`, `category_id`, `created_at`, `updated_at`) VALUES ('5', 'Post de ejemplo 5', 'Contenido detallado del post número 5. Lorem ipsum dolor sit amet, consectetur adipiscing elit.', '3', '2026-01-20 17:15:23', '2026-01-20 17:15:23');
INSERT INTO `posts` (`id`, `title`, `content`, `category_id`, `created_at`, `updated_at`) VALUES ('6', 'Post de ejemplo 6', 'Contenido detallado del post número 6. Lorem ipsum dolor sit amet, consectetur adipiscing elit.', '1', '2026-01-20 17:15:23', '2026-01-20 17:15:23');
INSERT INTO `posts` (`id`, `title`, `content`, `category_id`, `created_at`, `updated_at`) VALUES ('7', 'Post de ejemplo 7', 'Contenido detallado del post número 7. Lorem ipsum dolor sit amet, consectetur adipiscing elit.', '4', '2026-01-20 17:15:23', '2026-01-20 17:15:23');
INSERT INTO `posts` (`id`, `title`, `content`, `category_id`, `created_at`, `updated_at`) VALUES ('8', 'Post de ejemplo 8', 'Contenido detallado del post número 8. Lorem ipsum dolor sit amet, consectetur adipiscing elit.', '4', '2026-01-20 17:15:23', '2026-01-20 17:15:23');
INSERT INTO `posts` (`id`, `title`, `content`, `category_id`, `created_at`, `updated_at`) VALUES ('9', 'Post de ejemplo 9', 'Contenido detallado del post número 9. Lorem ipsum dolor sit amet, consectetur adipiscing elit.', '2', '2026-01-20 17:15:23', '2026-01-20 17:15:23');
INSERT INTO `posts` (`id`, `title`, `content`, `category_id`, `created_at`, `updated_at`) VALUES ('10', 'Post de ejemplo 10', 'Contenido detallado del post número 10. Lorem ipsum dolor sit amet, consectetur adipiscing elit.', '3', '2026-01-20 17:15:23', '2026-01-20 17:15:23');
INSERT INTO `posts` (`id`, `title`, `content`, `category_id`, `created_at`, `updated_at`) VALUES ('11', 'Post de ejemplo 11', 'Contenido detallado del post número 11. Lorem ipsum dolor sit amet, consectetur adipiscing elit.', '5', '2026-01-20 17:15:23', '2026-01-20 17:15:23');
INSERT INTO `posts` (`id`, `title`, `content`, `category_id`, `created_at`, `updated_at`) VALUES ('12', 'Post de ejemplo 12', 'Contenido detallado del post número 12. Lorem ipsum dolor sit amet, consectetur adipiscing elit.', '2', '2026-01-20 17:15:23', '2026-01-20 17:15:23');
INSERT INTO `posts` (`id`, `title`, `content`, `category_id`, `created_at`, `updated_at`) VALUES ('13', 'Post de ejemplo 13', 'Contenido detallado del post número 13. Lorem ipsum dolor sit amet, consectetur adipiscing elit.', '3', '2026-01-20 17:15:23', '2026-01-20 17:15:23');
INSERT INTO `posts` (`id`, `title`, `content`, `category_id`, `created_at`, `updated_at`) VALUES ('14', 'Post de ejemplo 14', 'Contenido detallado del post número 14. Lorem ipsum dolor sit amet, consectetur adipiscing elit.', '5', '2026-01-20 17:15:23', '2026-01-20 17:15:23');
INSERT INTO `posts` (`id`, `title`, `content`, `category_id`, `created_at`, `updated_at`) VALUES ('15', 'Post de ejemplo 15', 'Contenido detallado del post número 15. Lorem ipsum dolor sit amet, consectetur adipiscing elit.', '4', '2026-01-20 17:15:23', '2026-01-20 17:15:23');
INSERT INTO `posts` (`id`, `title`, `content`, `category_id`, `created_at`, `updated_at`) VALUES ('16', 'Post de ejemplo 16', 'Contenido detallado del post número 16. Lorem ipsum dolor sit amet, consectetur adipiscing elit.', '1', '2026-01-20 17:15:23', '2026-01-20 17:15:23');
INSERT INTO `posts` (`id`, `title`, `content`, `category_id`, `created_at`, `updated_at`) VALUES ('17', 'Post de ejemplo 17', 'Contenido detallado del post número 17. Lorem ipsum dolor sit amet, consectetur adipiscing elit.', '3', '2026-01-20 17:15:23', '2026-01-20 17:15:23');
INSERT INTO `posts` (`id`, `title`, `content`, `category_id`, `created_at`, `updated_at`) VALUES ('18', 'Post de ejemplo 18', 'Contenido detallado del post número 18. Lorem ipsum dolor sit amet, consectetur adipiscing elit.', '5', '2026-01-20 17:15:23', '2026-01-20 17:15:23');
INSERT INTO `posts` (`id`, `title`, `content`, `category_id`, `created_at`, `updated_at`) VALUES ('19', 'Post de ejemplo 19', 'Contenido detallado del post número 19. Lorem ipsum dolor sit amet, consectetur adipiscing elit.', '4', '2026-01-20 17:15:23', '2026-01-20 17:15:23');
INSERT INTO `posts` (`id`, `title`, `content`, `category_id`, `created_at`, `updated_at`) VALUES ('20', 'Post de ejemplo 20', 'Contenido detallado del post número 20. Lorem ipsum dolor sit amet, consectetur adipiscing elit.', '1', '2026-01-20 17:15:23', '2026-01-20 17:15:23');
INSERT INTO `posts` (`id`, `title`, `content`, `category_id`, `created_at`, `updated_at`) VALUES ('21', 'Post de ejemplo 21', 'Contenido detallado del post número 21. Lorem ipsum dolor sit amet, consectetur adipiscing elit.', '1', '2026-01-20 17:15:23', '2026-01-20 17:15:23');
INSERT INTO `posts` (`id`, `title`, `content`, `category_id`, `created_at`, `updated_at`) VALUES ('22', 'Post de ejemplo 22', 'Contenido detallado del post número 22. Lorem ipsum dolor sit amet, consectetur adipiscing elit.', '2', '2026-01-20 17:15:23', '2026-01-20 17:15:23');
INSERT INTO `posts` (`id`, `title`, `content`, `category_id`, `created_at`, `updated_at`) VALUES ('23', 'Post de ejemplo 23', 'Contenido detallado del post número 23. Lorem ipsum dolor sit amet, consectetur adipiscing elit.', '4', '2026-01-20 17:15:23', '2026-01-20 17:15:23');
INSERT INTO `posts` (`id`, `title`, `content`, `category_id`, `created_at`, `updated_at`) VALUES ('24', 'Post de ejemplo 24', 'Contenido detallado del post número 24. Lorem ipsum dolor sit amet, consectetur adipiscing elit.', '2', '2026-01-20 17:15:23', '2026-01-20 17:15:23');
INSERT INTO `posts` (`id`, `title`, `content`, `category_id`, `created_at`, `updated_at`) VALUES ('25', 'Post de ejemplo 25', 'Contenido detallado del post número 25. Lorem ipsum dolor sit amet, consectetur adipiscing elit.', '1', '2026-01-20 17:15:23', '2026-01-20 17:15:23');
INSERT INTO `posts` (`id`, `title`, `content`, `category_id`, `created_at`, `updated_at`) VALUES ('26', 'Post de ejemplo 26', 'Contenido detallado del post número 26. Lorem ipsum dolor sit amet, consectetur adipiscing elit.', '1', '2026-01-20 17:15:23', '2026-01-20 17:15:23');
INSERT INTO `posts` (`id`, `title`, `content`, `category_id`, `created_at`, `updated_at`) VALUES ('27', 'Post de ejemplo 27', 'Contenido detallado del post número 27. Lorem ipsum dolor sit amet, consectetur adipiscing elit.', '1', '2026-01-20 17:15:23', '2026-01-20 17:15:23');
INSERT INTO `posts` (`id`, `title`, `content`, `category_id`, `created_at`, `updated_at`) VALUES ('28', 'Post de ejemplo 28', 'Contenido detallado del post número 28. Lorem ipsum dolor sit amet, consectetur adipiscing elit.', '1', '2026-01-20 17:15:23', '2026-01-20 17:15:23');
INSERT INTO `posts` (`id`, `title`, `content`, `category_id`, `created_at`, `updated_at`) VALUES ('29', 'Post de ejemplo 29', 'Contenido detallado del post número 29. Lorem ipsum dolor sit amet, consectetur adipiscing elit.', '5', '2026-01-20 17:15:23', '2026-01-20 17:15:23');
INSERT INTO `posts` (`id`, `title`, `content`, `category_id`, `created_at`, `updated_at`) VALUES ('30', 'Post de ejemplo 30', 'Contenido detallado del post número 30. Lorem ipsum dolor sit amet, consectetur adipiscing elit.', '5', '2026-01-20 17:15:23', '2026-01-20 17:15:23');
INSERT INTO `posts` (`id`, `title`, `content`, `category_id`, `created_at`, `updated_at`) VALUES ('31', 'Post de ejemplo 31', 'Contenido detallado del post número 31. Lorem ipsum dolor sit amet, consectetur adipiscing elit.', '5', '2026-01-20 17:15:23', '2026-01-20 17:15:23');
INSERT INTO `posts` (`id`, `title`, `content`, `category_id`, `created_at`, `updated_at`) VALUES ('32', 'Post de ejemplo 32', 'Contenido detallado del post número 32. Lorem ipsum dolor sit amet, consectetur adipiscing elit.', '3', '2026-01-20 17:15:23', '2026-01-20 17:15:23');
INSERT INTO `posts` (`id`, `title`, `content`, `category_id`, `created_at`, `updated_at`) VALUES ('33', 'Post de ejemplo 33', 'Contenido detallado del post número 33. Lorem ipsum dolor sit amet, consectetur adipiscing elit.', '2', '2026-01-20 17:15:23', '2026-01-20 17:15:23');
INSERT INTO `posts` (`id`, `title`, `content`, `category_id`, `created_at`, `updated_at`) VALUES ('34', 'Post de ejemplo 34', 'Contenido detallado del post número 34. Lorem ipsum dolor sit amet, consectetur adipiscing elit.', '4', '2026-01-20 17:15:24', '2026-01-20 17:15:24');
INSERT INTO `posts` (`id`, `title`, `content`, `category_id`, `created_at`, `updated_at`) VALUES ('35', 'Post de ejemplo 35', 'Contenido detallado del post número 35. Lorem ipsum dolor sit amet, consectetur adipiscing elit.', '4', '2026-01-20 17:15:24', '2026-01-20 17:15:24');
INSERT INTO `posts` (`id`, `title`, `content`, `category_id`, `created_at`, `updated_at`) VALUES ('36', 'Post de ejemplo 36', 'Contenido detallado del post número 36. Lorem ipsum dolor sit amet, consectetur adipiscing elit.', '5', '2026-01-20 17:15:24', '2026-01-20 17:15:24');
INSERT INTO `posts` (`id`, `title`, `content`, `category_id`, `created_at`, `updated_at`) VALUES ('37', 'Post de ejemplo 37', 'Contenido detallado del post número 37. Lorem ipsum dolor sit amet, consectetur adipiscing elit.', '3', '2026-01-20 17:15:24', '2026-01-20 17:15:24');
INSERT INTO `posts` (`id`, `title`, `content`, `category_id`, `created_at`, `updated_at`) VALUES ('38', 'Post de ejemplo 38', 'Contenido detallado del post número 38. Lorem ipsum dolor sit amet, consectetur adipiscing elit.', '5', '2026-01-20 17:15:24', '2026-01-20 17:15:24');
INSERT INTO `posts` (`id`, `title`, `content`, `category_id`, `created_at`, `updated_at`) VALUES ('39', 'Post de ejemplo 39', 'Contenido detallado del post número 39. Lorem ipsum dolor sit amet, consectetur adipiscing elit.', '5', '2026-01-20 17:15:24', '2026-01-20 17:15:24');
INSERT INTO `posts` (`id`, `title`, `content`, `category_id`, `created_at`, `updated_at`) VALUES ('40', 'Post de ejemplo 40', 'Contenido detallado del post número 40. Lorem ipsum dolor sit amet, consectetur adipiscing elit.', '3', '2026-01-20 17:15:24', '2026-01-20 17:15:24');
INSERT INTO `posts` (`id`, `title`, `content`, `category_id`, `created_at`, `updated_at`) VALUES ('41', 'Post de ejemplo 41', 'Contenido detallado del post número 41. Lorem ipsum dolor sit amet, consectetur adipiscing elit.', '4', '2026-01-20 17:15:24', '2026-01-20 17:15:24');
INSERT INTO `posts` (`id`, `title`, `content`, `category_id`, `created_at`, `updated_at`) VALUES ('42', 'Post de ejemplo 42', 'Contenido detallado del post número 42. Lorem ipsum dolor sit amet, consectetur adipiscing elit.', '1', '2026-01-20 17:15:24', '2026-01-20 17:15:24');
INSERT INTO `posts` (`id`, `title`, `content`, `category_id`, `created_at`, `updated_at`) VALUES ('43', 'Post de ejemplo 43', 'Contenido detallado del post número 43. Lorem ipsum dolor sit amet, consectetur adipiscing elit.', '1', '2026-01-20 17:15:24', '2026-01-20 17:15:24');
INSERT INTO `posts` (`id`, `title`, `content`, `category_id`, `created_at`, `updated_at`) VALUES ('44', 'Post de ejemplo 44', 'Contenido detallado del post número 44. Lorem ipsum dolor sit amet, consectetur adipiscing elit.', '5', '2026-01-20 17:15:24', '2026-01-20 17:15:24');
INSERT INTO `posts` (`id`, `title`, `content`, `category_id`, `created_at`, `updated_at`) VALUES ('45', 'Post de ejemplo 45', 'Contenido detallado del post número 45. Lorem ipsum dolor sit amet, consectetur adipiscing elit.', '4', '2026-01-20 17:15:24', '2026-01-20 17:15:24');
INSERT INTO `posts` (`id`, `title`, `content`, `category_id`, `created_at`, `updated_at`) VALUES ('46', 'Post de ejemplo 46', 'Contenido detallado del post número 46. Lorem ipsum dolor sit amet, consectetur adipiscing elit.', '2', '2026-01-20 17:15:24', '2026-01-20 17:15:24');
INSERT INTO `posts` (`id`, `title`, `content`, `category_id`, `created_at`, `updated_at`) VALUES ('47', 'Post de ejemplo 47', 'Contenido detallado del post número 47. Lorem ipsum dolor sit amet, consectetur adipiscing elit.', '2', '2026-01-20 17:15:24', '2026-01-20 17:15:24');
INSERT INTO `posts` (`id`, `title`, `content`, `category_id`, `created_at`, `updated_at`) VALUES ('48', 'Post de ejemplo 48', 'Contenido detallado del post número 48. Lorem ipsum dolor sit amet, consectetur adipiscing elit.', '5', '2026-01-20 17:15:24', '2026-01-20 17:15:24');
INSERT INTO `posts` (`id`, `title`, `content`, `category_id`, `created_at`, `updated_at`) VALUES ('49', 'Post de ejemplo 49', 'Contenido detallado del post número 49. Lorem ipsum dolor sit amet, consectetur adipiscing elit.', '5', '2026-01-20 17:15:24', '2026-01-20 17:15:24');
INSERT INTO `posts` (`id`, `title`, `content`, `category_id`, `created_at`, `updated_at`) VALUES ('50', 'Post de ejemplo 50', 'Contenido detallado del post número 50. Lorem ipsum dolor sit amet, consectetur adipiscing elit.', '1', '2026-01-20 17:15:24', '2026-01-20 17:15:24');

